Workbook

Sheet train
A1: state | B1: account_length | C1: area_code | D1: international_plan | E1: voice_mail_plan | F1: number_vmail_messages | G1: total_day_minutes | H1: total_day_calls | I1: total_day_charge | J1: total_eve_minutes | K1: total_eve_calls | L1: total_eve_charge | M1: total_night_minutes | N1: total_night_calls | O1: total_night_charge | P1: total_intl_minutes | Q1: total_intl_calls | R1: total_intl_charge | S1: number_customer_service_calls | T1: churn
A2: OH | B2: 107 | C2: area_code_415 | D2: no | E2: yes | F2: 26 | G2: 161.6 | H2: 123 | I2: 27.47 | J2: 195.5 | K2: 103 | L2: 16.62 | M2: 254.4 | N2: 103 | O2: 11.45 | P2: 13.7 | Q2: 3 | R2: 3.7 | S2: 1 | T2: no
A3: NJ | B3: 137 | C3: area_code_415 | D3: no | E3: no | F3: 0 | G3: 243.4 | H3: 114 | I3: 41.38 | J3: 121.2 | K3: 110 | L3: 10.3 | M3: 162.6 | N3: 104 | O3: 7.32 | P3: 12.2 | Q3: 5 | R3: 3.29 | S3: 0 | T3: no
A4: OH | B4: 84 | C4: area_code_408 | D4: yes | E4: no | F4: 0 | G4: 299.4 | H4: 71 | I4: 50.9 | J4: 61.9 | K4: 88 | L4: 5.26 | M4: 196.9 | N4: 89 | O4: 8.86 | P4: 6.6 | Q4: 7 | R4: 1.78 | S4: 2 | T4: no
A5: OK | B5: 75 | C5: area_code_415 | D5: yes | E5: no | F5: 0 | G5: 166.7 | H5: 113 | I5: 28.34 | J5: 148.3 | K5: 122 | L5: 12.61 | M5: 186.9 | N5: 121 | O5: 8.41 | P5: 10.1 | Q5: 3 | R5: 2.73 | S5: 3 | T5: no
A6: MA | B6: 121 | C6: area_code_510 | D6: no | E6: yes | F6: 24 | G6: 218.2 | H6: 88 | I6: 37.09 | J6: 348.5 | K6: 108 | L6: 29.62 | M6: 212.6 | N6: 118 | O6: 9.57 | P6: 7.5 | Q6: 7 | R6: 2.03 | S6: 3 | T6: no
A7: MO | B7: 147 | C7: area_code_415 | D7: yes | E7: no | F7: 0 | G7: 157 | H7: 79 | I7: 26.69 | J7: 103.1 | K7: 94 | L7: 8.76 | M7: 211.8 | N7: 96 | O7: 9.53 | P7: 7.1 | Q7: 6 | R7: 1.92 | S7: 0 | T7: no
A8: LA | B8: 117 | C8: area_code_408 | D8: no | E8: no | F8: 0 | G8: 184.5 | H8: 97 | I8: 31.37 | J8: 351.6 | K8: 80 | L8: 29.89 | M8: 215.8 | N8: 90 | O8: 9.71 | P8: 8.7 | Q8: 4 | R8: 2.35 | S8: 1 | T8: no
A9: WV | B9: 141 | C9: area_code_415 | D9: yes | E9: yes | F9: 37 | G9: 258.6 | H9: 84 | I9: 43.96 | J9: 222 | K9: 111 | L9: 18.87 | M9: 326.4 | N9: 97 | O9: 14.69 | P9: 11.2 | Q9: 5 | R9: 3.02 | S9: 0 | T9: no
A10: IN | B10: 65 | C10: area_code_415 | D10: no | E10: no | F10: 0 | G10: 129.1 | H10: 137 | I10: 21.95 | J10: 228.5 | K10: 83 | L10: 19.42 | M10: 208.8 | N10: 111 | O10: 9.4 | P10: 12.7 | Q10: 6 | R10: 3.43 | S10: 4 | T10: yes
A11: RI | B11: 74 | C11: area_code_415 | D11: no | E11: no | F11: 0 | G11: 187.7 | H11: 127 | I11: 31.91 | J11: 163.4 | K11: 148 | L11: 13.89 | M11: 196 | N11: 94 | O11: 8.82 | P11: 9.1 | Q11: 5 | R11: 2.46 | S11: 0 | T11: no
A12: IA | B12: 168 | C12: area_code_408 | D12: no | E12: no | F12: 0 | G12: 128.8 | H12: 96 | I12: 21.9 | J12: 104.9 | K12: 71 | L12: 8.92 | M12: 141.1 | N12: 128 | O12: 6.35 | P12: 11.2 | Q12: 2 | R12: 3.02 | S12: 1 | T12: no
A13: MT | B13: 95 | C13: area_code_510 | D13: no | E13: no | F13: 0 | G13: 156.6 | H13: 88 | I13: 26.62 | J13: 247.6 | K13: 75 | L13: 21.05 | M13: 192.3 | N13: 115 | O13: 8.65 | P13: 12.3 | Q13: 5 | R13: 3.32 | S13: 3 | T13: no
... A4251: VT | B4251: 86 | C4251: area_code_415 | D4251: no | E4251: yes | F4251: 34 | G4251: 129.4 | H4251: 102 | I4251: 22 | J4251: 267.1 | K4251: 104 | L4251: 22.7 | M4251: 154.8 | N4251: 100 | O4251: 6.97 | P4251: 9.3 | Q4251: 16 | R4251: 2.51 | S4251: 0 | T4251: no

Sheet Raw_Data
A1: state | B1: account_length | C1: area_code | D1: international_plan | E1: voice_mail_plan | F1: number_vmail_messages | G1: total_day_minutes | H1: total_day_calls | I1: total_day_charge | J1: total_eve_minutes | K1: total_eve_calls | L1: total_eve_charge | M1: total_night_minutes | N1: total_night_calls | O1: total_night_charge | P1: total_intl_minutes | Q1: total_intl_calls | R1: total_intl_charge | S1: number_customer_service_calls | T1: churn
A2: OH | B2: 107 | C2: area_code_415 | D2: no | E2: yes | F2: 26 | G2: 161.6 | H2: 123 | I2: 27.47 | J2: 195.5 | K2: 103 | L2: 16.62 | M2: 254.4 | N2: 103 | O2: 11.45 | P2: 13.7 | Q2: 3 | R2: 3.7 | S2: 1 | T2: no
A3: NJ | B3: 137 | C3: area_code_415 | D3: no | E3: no | F3: 0 | G3: 243.4 | H3: 114 | I3: 41.38 | J3: 121.2 | K3: 110 | L3: 10.3 | M3: 162.6 | N3: 104 | O3: 7.32 | P3: 12.2 | Q3: 5 | R3: 3.29 | S3: 0 | T3: no
A4: OH | B4: 84 | C4: area_code_408 | D4: yes | E4: no | F4: 0 | G4: 299.4 | H4: 71 | I4: 50.9 | J4: 61.9 | K4: 88 | L4: 5.26 | M4: 196.9 | N4: 89 | O4: 8.86 | P4: 6.6 | Q4: 7 | R4: 1.78 | S4: 2 | T4: no
A5: OK | B5: 75 | C5: area_code_415 | D5: yes | E5: no | F5: 0 | G5: 166.7 | H5: 113 | I5: 28.34 | J5: 148.3 | K5: 122 | L5: 12.61 | M5: 186.9 | N5: 121 | O5: 8.41 | P5: 10.1 | Q5: 3 | R5: 2.73 | S5: 3 | T5: no
A6: MA | B6: 121 | C6: area_code_510 | D6: no | E6: yes | F6: 24 | G6: 218.2 | H6: 88 | I6: 37.09 | J6: 348.5 | K6: 108 | L6: 29.62 | M6: 212.6 | N6: 118 | O6: 9.57 | P6: 7.5 | Q6: 7 | R6: 2.03 | S6: 3 | T6: no
A7: MO | B7: 147 | C7: area_code_415 | D7: yes | E7: no | F7: 0 | G7: 157 | H7: 79 | I7: 26.69 | J7: 103.1 | K7: 94 | L7: 8.76 | M7: 211.8 | N7: 96 | O7: 9.53 | P7: 7.1 | Q7: 6 | R7: 1.92 | S7: 0 | T7: no
A8: LA | B8: 117 | C8: area_code_408 | D8: no | E8: no | F8: 0 | G8: 184.5 | H8: 97 | I8: 31.37 | J8: 351.6 | K8: 80 | L8: 29.89 | M8: 215.8 | N8: 90 | O8: 9.71 | P8: 8.7 | Q8: 4 | R8: 2.35 | S8: 1 | T8: no
A9: WV | B9: 141 | C9: area_code_415 | D9: yes | E9: yes | F9: 37 | G9: 258.6 | H9: 84 | I9: 43.96 | J9: 222 | K9: 111 | L9: 18.87 | M9: 326.4 | N9: 97 | O9: 14.69 | P9: 11.2 | Q9: 5 | R9: 3.02 | S9: 0 | T9: no
A10: IN | B10: 65 | C10: area_code_415 | D10: no | E10: no | F10: 0 | G10: 129.1 | H10: 137 | I10: 21.95 | J10: 228.5 | K10: 83 | L10: 19.42 | M10: 208.8 | N10: 111 | O10: 9.4 | P10: 12.7 | Q10: 6 | R10: 3.43 | S10: 4 | T10: yes
A11: RI | B11: 74 | C11: area_code_415 | D11: no | E11: no | F11: 0 | G11: 187.7 | H11: 127 | I11: 31.91 | J11: 163.4 | K11: 148 | L11: 13.89 | M11: 196 | N11: 94 | O11: 8.82 | P11: 9.1 | Q11: 5 | R11: 2.46 | S11: 0 | T11: no
A12: IA | B12: 168 | C12: area_code_408 | D12: no | E12: no | F12: 0 | G12: 128.8 | H12: 96 | I12: 21.9 | J12: 104.9 | K12: 71 | L12: 8.92 | M12: 141.1 | N12: 128 | O12: 6.35 | P12: 11.2 | Q12: 2 | R12: 3.02 | S12: 1 | T12: no
A13: MT | B13: 95 | C13: area_code_510 | D13: no | E13: no | F13: 0 | G13: 156.6 | H13: 88 | I13: 26.62 | J13: 247.6 | K13: 75 | L13: 21.05 | M13: 192.3 | N13: 115 | O13: 8.65 | P13: 12.3 | Q13: 5 | R13: 3.32 | S13: 3 | T13: no
... A4251: VT | B4251: 86 | C4251: area_code_415 | D4251: no | E4251: yes | F4251: 34 | G4251: 129.4 | H4251: 102 | I4251: 22 | J4251: 267.1 | K4251: 104 | L4251: 22.7 | M4251: 154.8 | N4251: 100 | O4251: 6.97 | P4251: 9.3 | Q4251: 16 | R4251: 2.51 | S4251: 0 | T4251: no

Sheet Data_Cleaning
A1: state | B1: account_length | C1: area_code | D1: international_plan | E1: voice_mail_plan | F1: number_vmail_messages | G1: total_day_minutes | H1: total_day_calls | I1: total_day_charge | J1: total_eve_minutes | K1: total_eve_calls | L1: total_eve_charge | M1: total_night_minutes | N1: total_night_calls | O1: total_night_charge | P1: total_intl_minutes | Q1: total_intl_calls | R1: total_intl_charge | S1: number_customer_service_calls | T1: churn | U1: Churn Numeric
A2: OH | B2: 107 | C2: area_code_415 | D2: no | E2: yes | F2: 26 | G2: 161.6 | H2: 123 | I2: 27.47 | J2: 195.5 | K2: 103 | L2: 16.62 | M2: 254.4 | N2: 103 | O2: 11.45 | P2: 13.7 | Q2: 3 | R2: 3.7 | S2: 1 | T2: no | U2: =IF(T2="Yes",1,0) -> 0
A3: NJ | B3: 137 | C3: area_code_415 | D3: no | E3: no | F3: 0 | G3: 243.4 | H3: 114 | I3: 41.38 | J3: 121.2 | K3: 110 | L3: 10.3 | M3: 162.6 | N3: 104 | O3: 7.32 | P3: 12.2 | Q3: 5 | R3: 3.29 | S3: 0 | T3: no | U3: =IF(T3="Yes",1,0) -> 0
A4: OH | B4: 84 | C4: area_code_408 | D4: yes | E4: no | F4: 0 | G4: 299.4 | H4: 71 | I4: 50.9 | J4: 61.9 | K4: 88 | L4: 5.26 | M4: 196.9 | N4: 89 | O4: 8.86 | P4: 6.6 | Q4: 7 | R4: 1.78 | S4: 2 | T4: no | U4: =IF(T4="Yes",1,0) -> 0
A5: OK | B5: 75 | C5: area_code_415 | D5: yes | E5: no | F5: 0 | G5: 166.7 | H5: 113 | I5: 28.34 | J5: 148.3 | K5: 122 | L5: 12.61 | M5: 186.9 | N5: 121 | O5: 8.41 | P5: 10.1 | Q5: 3 | R5: 2.73 | S5: 3 | T5: no | U5: =IF(T5="Yes",1,0) -> 0
A6: MA | B6: 121 | C6: area_code_510 | D6: no | E6: yes | F6: 24 | G6: 218.2 | H6: 88 | I6: 37.09 | J6: 348.5 | K6: 108 | L6: 29.62 | M6: 212.6 | N6: 118 | O6: 9.57 | P6: 7.5 | Q6: 7 | R6: 2.03 | S6: 3 | T6: no | U6: =IF(T6="Yes",1,0) -> 0
A7: MO | B7: 147 | C7: area_code_415 | D7: yes | E7: no | F7: 0 | G7: 157 | H7: 79 | I7: 26.69 | J7: 103.1 | K7: 94 | L7: 8.76 | M7: 211.8 | N7: 96 | O7: 9.53 | P7: 7.1 | Q7: 6 | R7: 1.92 | S7: 0 | T7: no | U7: =IF(T7="Yes",1,0) -> 0
A8: LA | B8: 117 | C8: area_code_408 | D8: no | E8: no | F8: 0 | G8: 184.5 | H8: 97 | I8: 31.37 | J8: 351.6 | K8: 80 | L8: 29.89 | M8: 215.8 | N8: 90 | O8: 9.71 | P8: 8.7 | Q8: 4 | R8: 2.35 | S8: 1 | T8: no | U8: =IF(T8="Yes",1,0) -> 0
A9: WV | B9: 141 | C9: area_code_415 | D9: yes | E9: yes | F9: 37 | G9: 258.6 | H9: 84 | I9: 43.96 | J9: 222 | K9: 111 | L9: 18.87 | M9: 326.4 | N9: 97 | O9: 14.69 | P9: 11.2 | Q9: 5 | R9: 3.02 | S9: 0 | T9: no | U9: =IF(T9="Yes",1,0) -> 0
A10: IN | B10: 65 | C10: area_code_415 | D10: no | E10: no | F10: 0 | G10: 129.1 | H10: 137 | I10: 21.95 | J10: 228.5 | K10: 83 | L10: 19.42 | M10: 208.8 | N10: 111 | O10: 9.4 | P10: 12.7 | Q10: 6 | R10: 3.43 | S10: 4 | T10: yes | U10: =IF(T10="Yes",1,0) -> 1
A11: RI | B11: 74 | C11: area_code_415 | D11: no | E11: no | F11: 0 | G11: 187.7 | H11: 127 | I11: 31.91 | J11: 163.4 | K11: 148 | L11: 13.89 | M11: 196 | N11: 94 | O11: 8.82 | P11: 9.1 | Q11: 5 | R11: 2.46 | S11: 0 | T11: no | U11: =IF(T11="Yes",1,0) -> 0
A12: IA | B12: 168 | C12: area_code_408 | D12: no | E12: no | F12: 0 | G12: 128.8 | H12: 96 | I12: 21.9 | J12: 104.9 | K12: 71 | L12: 8.92 | M12: 141.1 | N12: 128 | O12: 6.35 | P12: 11.2 | Q12: 2 | R12: 3.02 | S12: 1 | T12: no | U12: =IF(T12="Yes",1,0) -> 0
A13: MT | B13: 95 | C13: area_code_510 | D13: no | E13: no | F13: 0 | G13: 156.6 | H13: 88 | I13: 26.62 | J13: 247.6 | K13: 75 | L13: 21.05 | M13: 192.3 | N13: 115 | O13: 8.65 | P13: 12.3 | Q13: 5 | R13: 3.32 | S13: 3 | T13: no | U13: =IF(T13="Yes",1,0) -> 0
... A4251: VT | B4251: 86 | C4251: area_code_415 | D4251: no | E4251: yes | F4251: 34 | G4251: 129.4 | H4251: 102 | I4251: 22 | J4251: 267.1 | K4251: 104 | L4251: 22.7 | M4251: 154.8 | N4251: 100 | O4251: 6.97 | P4251: 9.3 | Q4251: 16 | R4251: 2.51 | S4251: 0 | T4251: no | U4251: =IF(T4251="Yes",1,0) -> 0

Sheet Basic_Analysis
A1: Customer Churn Analysis
A3: Churn Status | B3: Customer Count | C3: Churn Percentage
A4: No | B4: =COUNTIF(Data_Cleaning!T:T,"No") -> 3652 | C4: =B4/$B$7 -> 0.85929412
A5: Yes | B5: =COUNTIF(Data_Cleaning!T:T,"Yes") -> 598 | C5: =B5/$B$7 -> 0.14070588
A7: Total Customers | B7: =SUM(B4:B5) -> 4250
A12: Average Account Length Analysis
A14: Churn Status | B14: Average Account Length
A15: No | B15: =AVERAGEIF(Data_Cleaning!T:T,"No",Data_Cleaning!B:B) -> 99.924973
A16: Yes | B16: =AVERAGEIF(Data_Cleaning!T:T,"Yes",Data_Cleaning!B:B) -> 102.13712
A23: International Plan vs Churn Analysis
A25: International Plan | B25: Churned Customers | C25: Non-Churned Customers
A26: No | B26: =COUNTIFS(Data_Cleaning!D:D,"No",Data_Cleaning!T:T,"Yes") -> 431 | C26: =COUNTIFS(Data_Cleaning!D:D,"No",Data_Cleaning!T:T,"No") -> 3423
A27: Yes | B27: =COUNTIFS(Data_Cleaning!D:D,"Yes",Data_Cleaning!T:T,"Yes") -> 167 | C27: =COUNTIFS(Data_Cleaning!D:D,"Yes",Data_Cleaning!T:T,"No") -> 229
A33: Customer Service Calls vs Churn Analysis
A36: Churn Status | B36: Average Customer Service Calls
A37: No | B37: =AVERAGEIF(Data_Cleaning!T:T,"No",Data_Cleaning!S:S) -> 1.4416758
A38: Yes | B38: =AVERAGEIF(Data_Cleaning!T:T,"Yes",Data_Cleaning!S:S) -> 2.2759197
A45: Day, Evening, and Night Charges vs Churn Analysis
A47: Churn Status | B47: Average Day Charge | C47: Average Evening Charge | D47: Average Night Charge
A48: No | B48: =AVERAGEIF(Data_Cleaning!T:T,"No",Data_Cleaning!I:I) -> 29.844948 | C48: =AVERAGEIF(Data_Cleaning!T:T,"No",Data_Cleaning!L:L) -> 16.878743 | D48: =AVERAGEIF(Data_Cleaning!T:T,"No",Data_Cleaning!O:O) -> 8.9811309
A49: Yes | B49: =AVERAGEIF(Data_Cleaning!T:T,"Yes",Data_Cleaning!I:I) -> 35.528679 | C49: =AVERAGEIF(Data_Cleaning!T:T,"Yes",Data_Cleaning!L:L) -> 17.847207 | D49: =AVERAGEIF(Data_Cleaning!T:T,"Yes",Data_Cleaning!O:O) -> 9.2850334
A56: Total Day Minutes vs Churn Analysis
A58: Churn Status | B58: Average Total Day Minutes
A59: No | B59: =AVERAGEIF(Data_Cleaning!T:T,"No",Data_Cleaning!G:G) -> 175.55509
A60: Yes | B60: =AVERAGEIF(Data_Cleaning!T:T,"Yes",Data_Cleaning!G:G) -> 208.99013
A66: Voice Mail Plan vs Churn Analysis
A69: Voice Mail Plan | B69: Churned Customers | C69: Non-Churned Customers
A70: No | B70: =COUNTIFS(Data_Cleaning!E:E,"No",Data_Cleaning!T:T,"Yes") -> 516 | C70: =COUNTIFS(Data_Cleaning!E:E,"No",Data_Cleaning!T:T,"No") -> 2622
A71: Yes | B71: =COUNTIFS(Data_Cleaning!E:E,"Yes",Data_Cleaning!T:T,"Yes") -> 82 | C71: =COUNTIFS(Data_Cleaning!E:E,"Yes",Data_Cleaning!T:T,"No") -> 1030
A77: International Minutes and Charges vs Churn Analysis
A80: Churn Status | B80: Average International Minutes | C80: Average International Charge
A81: No | B81: =AVERAGEIF(Data_Cleaning!T:T,"No",Data_Cleaning!P:P) -> 10.194441 | C81: =AVERAGEIF(Data_Cleaning!T:T,"No",Data_Cleaning!R:R) -> 2.7530175
A82: Yes | B82: =AVERAGEIF(Data_Cleaning!T:T,"Yes",Data_Cleaning!P:P) -> 10.632441 | C82: =AVERAGEIF(Data_Cleaning!T:T,"Yes",Data_Cleaning!R:R) -> 2.8712542
A88: Correlation Between Total Day Calls and Churn
A91: Correlation Value | B91: =CORREL(Data_Cleaning!H2:H3334,Data_Cleaning!U2:U3334) -> 0.0083648849
A93: Interpretation | B93: A weak positive correlation indicates that higher total day calls may slightly increase the likelihood of customer churn.
A97: Average Evening Charges vs Churn Analysis
A100: Churn Status | B100: Average Evening Charge
A101: No | B101: =AVERAGEIF(Data_Cleaning!T:T,"No",Data_Cleaning!L:L) -> 16.878743
A102: Yes | B102: =AVERAGEIF(Data_Cleaning!T:T,"Yes",Data_Cleaning!L:L) -> 17.847207

Sheet Medium_Analysis
A1: Churn Rate by Area Code Analysis
A3: Area Code | B3: Churned Customers | C3: Total Customers | D3: Churn Rate
A4: area_code_415 | B4: =COUNTIFS(Data_Cleaning!C:C,"area_code_415",Data_Cleaning!T:T,"Yes") -> 287 | C4: =COUNTIF(Data_Cleaning!C:C,"area_code_415") -> 2108 | D4: =B4/C4 -> 0.13614801
A5: area_code_510 | B5: =COUNTIFS(Data_Cleaning!C:C,"area_code_510",Data_Cleaning!T:T,"Yes") -> 159 | C5: =COUNTIF(Data_Cleaning!C:C,"area_code_510") -> 1056 | D5: =B5/C5 -> 0.15056818
A6: area_code_408 | B6: =COUNTIFS(Data_Cleaning!C:C,"area_code_408",Data_Cleaning!T:T,"Yes") -> 152 | C6: =COUNTIF(Data_Cleaning!C:C,"area_code_408") -> 1086 | D6: =B6/C6 -> 0.13996317
A11: Customer Service Call Threshold Analysis
A14: Call Category | B14: Churned Customers | C14: Total Customers | D14: Churn Rate
A15: More than 3 Calls | B15: =COUNTIFS(Data_Cleaning!S:S,">3",Data_Cleaning!T:T,"Yes") -> 170 | C15: =COUNTIF(Data_Cleaning!S:S,">3") -> 335 | D15: =B15/C15 -> 0.50746269
A16: 3 or Fewer Calls | B16: =COUNTIFS(Data_Cleaning!S:S,"<=3",Data_Cleaning!T:T,"Yes") -> 428 | C16: =COUNTIF(Data_Cleaning!S:S,"<=3") -> 3915 | D16: =B16/C16 -> 0.10932312
A21: Account Length and Churn Analysis
A24: Customer Group | B24: Average Account Length | C24: Churn Rate
A25: Churned Customers | B25: =AVERAGEIF(Data_Cleaning!T:T,"Yes",Data_Cleaning!B:B) -> 102.13712 | C25: =COUNTIF(Data_Cleaning!T:T,"Yes")/COUNTA(Data_Cleaning!T:T) -> 0.14067278
A26: Retained Customers | B26: =AVERAGEIF(Data_Cleaning!T:T,"No",Data_Cleaning!B:B) -> 99.924973 | C26: =COUNTIF(Data_Cleaning!T:T,"No")/COUNTA(Data_Cleaning!T:T) -> 0.85909198
A31: International Plan Charges and Churn Analysis
A34: Customer Group | B34: Average International Charge | C34: Churn Rate
A35: International Plan + Churned | B35: =AVERAGEIFS(Data_Cleaning!R:R,Data_Cleaning!D:D,"Yes",Data_Cleaning!T:T,"Yes") -> 3.0762275 | C35: =COUNTIFS(Data_Cleaning!D:D,"Yes",Data_Cleaning!T:T,"Yes")/COUNTIF(Data_Cleaning!D:D,"Yes") -> 0.42171717
A36: International Plan + Retained | B36: =AVERAGEIFS(Data_Cleaning!R:R,Data_Cleaning!D:D,"Yes",Data_Cleaning!T:T,"No") -> 2.6417467 | C36: =COUNTIFS(Data_Cleaning!D:D,"Yes",Data_Cleaning!T:T,"No")/COUNTIF(Data_Cleaning!D:D,"Yes") -> 0.57828283
A41: Evening Usage Pattern Analysis
A44: Churn Status | B44: Average Evening Minutes | C44: Average Evening Charge
A45: No | B45: =AVERAGEIF(Data_Cleaning!T:T,"No",Data_Cleaning!J:J) -> 198.57067 | C45: =AVERAGEIF(Data_Cleaning!T:T,"No",Data_Cleaning!L:L) -> 16.878743
A46: Yes | B46: =AVERAGEIF(Data_Cleaning!T:T,"Yes",Data_Cleaning!J:J) -> 209.96488 | C46: =AVERAGEIF(Data_Cleaning!T:T,"Yes",Data_Cleaning!L:L) -> 17.847207
A51: Voice Mail Messages and Churn Analysis
A54: Customer Group | B54: Average Voice Mail Messages | C54: Churn Rate
A55: Voice Mail Plan + Churned | B55: =AVERAGEIFS(Data_Cleaning!F:F,Data_Cleaning!E:E,"Yes",Data_Cleaning!T:T,"Yes") -> 31.353659 | C55: =COUNTIFS(Data_Cleaning!E:E,"Yes",Data_Cleaning!T:T,"Yes")/COUNTIF(Data_Cleaning!E:E,"Yes") -> 0.073741007
A56: Voice Mail Plan + Retained | B56: =AVERAGEIFS(Data_Cleaning!F:F,Data_Cleaning!E:E,"Yes",Data_Cleaning!T:T,"No") -> 28.994175 | C56: =COUNTIFS(Data_Cleaning!E:E,"Yes",Data_Cleaning!T:T,"No")/COUNTIF(Data_Cleaning!E:E,"Yes") -> 0.92625899
A61: Total Day Minutes and Charges Analysis
A64: Churn Status | B64: Average Day Minutes | C64: Average Day Charges
A65: No | B65: =AVERAGEIF(Data_Cleaning!T:T,"No",Data_Cleaning!G:G) -> 175.55509 | C65: =AVERAGEIF(Data_Cleaning!T:T,"No",Data_Cleaning!I:I) -> 29.844948
A66: Yes | B66: =AVERAGEIF(Data_Cleaning!T:T,"Yes",Data_Cleaning!G:G) -> 208.99013 | C66: =AVERAGEIF(Data_Cleaning!T:T,"Yes",Data_Cleaning!I:I) -> 35.528679
A71: International Calls and Plan Analysis
A74: Customer Group | B74: Average International Calls | C74: Churn Rate
A75: International Plan + Churned | B75: =AVERAGEIFS(Data_Cleaning!Q:Q,Data_Cleaning!D:D,"Yes",Data_Cleaning!T:T,"Yes") -> 3.8802395 | C75: =COUNTIFS(Data_Cleaning!D:D,"Yes",Data_Cleaning!T:T,"Yes")/COUNTIF(Data_Cleaning!D:D,"Yes") -> 0.42171717
A76: International Plan + Retained | B76: =AVERAGEIFS(Data_Cleaning!Q:Q,Data_Cleaning!D:D,"Yes",Data_Cleaning!T:T,"No") -> 4.9170306 | C76: =COUNTIFS(Data_Cleaning!D:D,"Yes",Data_Cleaning!T:T,"No")/COUNTIF(Data_Cleaning!D:D,"Yes") -> 0.57828283

Sheet Dashboard
B2: Customer Churn Analysis Dashboard
B5: Total Customers | E5: Total Churned Customers | H5: Churn Rate
B6: =COUNTA(Data_Cleaning!T:T)-1 -> 4250 | E6: =COUNTIF(Data_Cleaning!T:T,"Yes") -> 598 | H6: =COUNTIF(Data_Cleaning!T:T,"Yes")/(COUNTA(Data_Cleaning!T:T)-1) -> 0.14070588

Sheet Insights
A1: Basic Analysis | D1: Medium Analysis
A2: Customer Churn Insight | B2: Most customers remained with the company, while a smaller percentage churned. The churn rate indicates the need for customer retention strategies to improve loyalty and reduce customer loss. | D2: Churn Rate by Area Code Analysis | E2: Different area codes show varying churn rates, indicating that customer retention may differ by geographic region due to service quality, competition, or customer preferences.
A4: Average Account Length by Churn Status | B4: Customers with longer account tenure are less likely to churn. Churned customers generally have shorter account lengths, suggesting newer customers are at higher risk of leaving. | D4: Customer Service Call Threshold Analysis | E4: Customers making more than three customer service calls show a significantly higher churn rate. Frequent service interactions may indicate unresolved issues and customer dissatisfaction.
A6: International Plan vs Churn Analysis | B6: Customers subscribed to international plans show a higher tendency to churn compared to customers without international plans. This may indicate dissatisfaction with pricing or service quality related to international features. | D6: Account Length and Churn Analysis | E6: Customers with shorter account lengths are more likely to churn, while long-tenured customers tend to remain loyal. This highlights the importance of strong onboarding and early customer engagement.
A8: Customer Service Calls vs Churn Analysis | B8: Churned customers make more customer service calls on average than retained customers. This suggests that customer dissatisfaction and unresolved service issues may contribute to higher churn rates. | D8: International Plan Charges and Churn Analysis | E8: Customers with international plans who incur higher international charges are more likely to churn. This suggests pricing concerns may influence customer retention for international services.
A10: Day, Evening, and Night Charges vs Churn Analysis | B10: Churned customers generally incur higher day, evening, and night charges compared to retained customers. Higher service costs may contribute to customer dissatisfaction and increase the likelihood of churn. | D10: Evening Usage Pattern Analysis | E10: Customers with higher evening usage and charges tend to show slightly higher churn rates. Usage behavior during evening hours may influence customer satisfaction and pricing sensitivity.
A12: Total Day Minutes vs Churn Analysis | B12: Churned customers tend to use more day minutes compared to retained customers. Heavy daytime usage may be associated with higher charges, which can increase the likelihood of customer churn. | D12: Voice Mail Messages and Churn Analysis | E12: Customers with voice mail plans and higher voice mail message usage tend to remain more loyal. Additional communication features may improve customer engagement and reduce churn.
A14: Voice Mail Plan vs Churn Analysis | B14: Customers with a voice mail plan tend to churn less compared to customers without a voice mail plan. This suggests that additional service features may improve customer satisfaction and retention. | D14: Day Minutes and Charges by Churn Status | E14: Customers with higher day minutes and charges are more likely to churn. Increased daytime usage may lead to higher billing costs, which can negatively impact customer satisfaction and retention.
A16: International Minutes and Charges vs Churn Analysis | B16: Customers with higher international usage and charges are more likely to churn. This may indicate dissatisfaction with international pricing or service costs. | D16: International Calls and Customer Churn | E16: Customers with international plans and higher international call activity are more likely to churn. This suggests that frequent international users may be sensitive to pricing or service quality.
A18: Correlation Between Total Day Calls and Churn | B18: The correlation between total day calls and churn is relatively weak, suggesting that call frequency alone is not a major factor influencing customer churn.
A20: Average Evening Charges vs Churn Analysis | B20: Churned customers generally have higher evening charges compared to retained customers. This suggests that pricing and usage patterns during evening hours may influence customer satisfaction and retention.
